file,ticker,filing_date,status,reason,method,n_passages
AAPL_2023-11-03_0000320193-23-000106.htm,AAPL,2023-11-03,ok,,item_1a_heading,39
AAPL_2024-11-01_0000320193-24-000123.htm,AAPL,2024-11-01,ok,,item_1a_heading,38
AAPL_2025-10-31_0000320193-25-000079.htm,AAPL,2025-10-31,ok,,item_1a_heading,37
BAC_2026-02-25_0000070858-26-000157.htm,BAC,2026-02-25,ok,,item_1a_heading,60
COP_2024-02-15_0001163165-24-000010.htm,COP,2024-02-15,ok,,item_1a_heading,23
COP_2025-02-18_0001163165-25-000012.htm,COP,2025-02-18,ok,,item_1a_heading,26
COP_2026-02-17_0001163165-26-000009.htm,COP,2026-02-17,ok,,item_1a_heading,23
CVX_2024-02-26_0000093410-24-000013.htm,CVX,2024-02-26,ok,,item_1a_heading,18
CVX_2025-02-21_0000093410-25-000009.htm,CVX,2025-02-21,ok,,item_1a_heading,20
CVX_2026-02-24_0000093410-26-000078.htm,CVX,2026-02-24,ok,,item_1a_heading,19
C_2026-02-20_0000831001-26-000011.htm,C,2026-02-20,ok,,risk_factors_heading,9
JPM_2026-02-13_0001628280-26-008131.htm,JPM,2026-02-13,ok,,item_1a_heading,69
MSFT_2024-07-30_0000950170-24-087843.htm,MSFT,2024-07-30,ok,,item_1a_heading,40
MSFT_2025-07-30_0000950170-25-100235.htm,MSFT,2025-07-30,ok,,item_1a_heading,40
MSFT_2026-07-29_0001193125-26-323660.htm,MSFT,2026-07-29,ok,,item_1a_heading,43
NVDA_2024-02-21_0001045810-24-000029.htm,NVDA,2024-02-21,ok,,item_1a_heading,59
NVDA_2025-02-26_0001045810-25-000023.htm,NVDA,2025-02-26,ok,,item_1a_heading,66
NVDA_2026-02-25_0001045810-26-000021.htm,NVDA,2026-02-25,ok,,item_1a_heading,67
ORCL_2024-06-20_0000950170-24-075605.htm,ORCL,2024-06-20,failed,section_too_short,,0
ORCL_2025-06-18_0000950170-25-087926.htm,ORCL,2025-06-18,failed,section_too_short,,0
ORCL_2026-06-22_0001193125-26-277521.htm,ORCL,2026-06-22,failed,section_too_short,,0
SLB_2024-01-24_0000950170-24-006884.htm,SLB,2024-01-24,failed,section_too_short,,0
SLB_2025-01-22_0000950170-25-007638.htm,SLB,2025-01-22,failed,section_too_short,,0
SLB_2026-01-23_0001193125-26-021017.htm,SLB,2026-01-23,failed,section_too_short,,0
WFC_2026-02-24_0000072971-26-000133.htm,WFC,2026-02-24,failed,section_too_short,,0
XOM_2024-02-28_0000034088-24-000018.htm,XOM,2024-02-28,ok,,item_1a_heading,17
XOM_2025-02-19_0000034088-25-000010.htm,XOM,2025-02-19,ok,,item_1a_heading,18
XOM_2026-02-18_0000034088-26-000045.htm,XOM,2026-02-18,ok,,item_1a_heading,20
